Description;Code
Photo de classe Carré Classe 20 cm;20x20cm_CADRE-GP
Photo de classe Carré Classe 30 cm;30x30cm_CADRE-GP
Calendriers 20x20;20x20cm_CADRE-CALENDRIER
Calendriers Calendrier 20 cm;20x20cm_CADRE-CALENDRIER
Calendriers Calendrier 20 cm;20x20cm_CADRE-CALENDRIER
Calendriers Calendrier 30 cm;30x30cm_CADRE-CALENDRIER
Calendriers & Voeux Calendrier Quattro 20 cm;20x20cm_CADRE-QUATTRO-CALENDRIER
Calendriers & Voeux Calendrier Quattro 30 cm;30x30cm_CADRE-QUATTRO-CALENDRIER
Calendriers & Voeux Calendrier Quattro 20x20;20x20cm_CADRE-QUATTRO-CALENDRIER
Calendriers & Voeux Calendrier Quattro 30x30;30x30cm_CADRE-QUATTRO-CALENDRIER
Calendriers & Voeux Calendrier 20 cm;20x20cm_CADRE-CALENDRIER
Calendriers & Voeux Calendrier 30 cm;30x30cm_CADRE-CALENDRIER
Agrandissements Carrés Carré 18 cm;18x18cm_PORTRAIT
Agrandissements Carrés Carré 20 cm;20x20cm_PORTRAIT
Agrandissements Carrés Carré 30 cm;30x30cm_PORTRAIT
Produits Carrés Quattro 18 cm;18x18cm_CADRE-QUATTRO
Produits Carrés Quattro 20 cm;20x20cm_CADRE-QUATTRO
Produits Carrés Quattro 30 cm;30x30cm_CADRE-QUATTRO
Produits Carrés 4 Carrés 18 cm;18x18cm_CADRE-4CARRES
Produits Carrés Carré-ID;18x18cm_CADRE-CARRE-ID
Produits Carrés Cadre-ID;18x18cm_CADRE-CARRE-ID
Noir & Blanc Carré N&B 18 cm;18x18cm_PORTRAIT_NOIR-ET-BLANC
Noir & Blanc Carré N&B 30 cm;20x20cm_PORTRAIT_NOIR-ET-BLANC
Pour les enfants Carte de FBI;10x15cm_CADRE-FBI-IDENTITE
Calendriers & Voeux C - 4 Cartes de Voeux;18x22cm_CADRE-VOEUX
Pour les enfants Affiche Wanted;20x30cm_WANTED
